{
"lengthUnit": "mil",
"components": {
	"fields": ["COMPONENT_NO", "COMPONENT_NAME", "LAYER", "X_COORDINATE", "Y_COORDINATE", "ANGLE"],
	"rows": [
		[1, "ARROW", "T", 802.33, -2339.27, 0],
		[2, "C1", "T", 802.23, -1010, 180],
		[3, "C2", "T", 802.23, -820, 180],
		[4, "C3", "T", 2206.27, -1960, 90],
		[5, "C4", "T", 2405, -1960, 90],
		[6, "EAST", "T", 3105, -1580, 0],
		[7, "H1", "T", 3205, -1250, 270],
		[8, "LED1", "T", 1322.9, -1400, 0],
		[9, "LED2", "T", 1840, -1400, 180],
		[10, "NORTH", "T", 2885, -1245, 0],
		[11, "R1", "T", 1322.17, -2410, 180],
		[12, "R2", "T", 2210, -1500, 270],
		[13, "R3", "T", 2395, -1500, 270],
		[14, "R4", "T", 2207.54, -950, 90],
		[15, "R5", "T", 2400, -950, 90],
		[16, "SOUTH", "T", 2885, -1940, 0],
		[17, "STENCH", "T", 1350, -835, 180],
		[18, "SW1", "T", 2930, -900, 180],
		[19, "U2", "T", 810, -1605, 270],
		[20, "U3", "T", 1335, -2065, 0],
		[21, "U5", "T", 2420, -2340, 180],
		[22, "WEST", "T", 2670, -1585, 0],
		[23, "WIND", "T", 1830, -835, 180],
		[24, "X1", "T", 1865, -1945, 180]
	]
},
"pins": {
	"fields": ["PIN_NO", "PIN_NAME", "PIN_X", "PIN_Y", "LAYER", "PIN_TYPE", "NET_NAME", "NET_TYPE", "PAD_SHAPE", "PAD_SIZEX", "PAD_SIZEY", "HOLE_SIZE", "PAD_ANGLE"],
	"rows": [
		[1, "ARROW_1", 674.38, -2427.85, "T", "DIP", "$1N2448", "", "C", 78.74, 78.74, 47.24, 0],
		[2, "ARROW_1", 674.38, -2427.85, "B", "DIP", "$1N2448", "", "C", 78.74, 78.74, 47.24, 0],
		[3, "ARROW_2", 930.28, -2427.85, "T", "DIP", "$1N2448", "", "C", 78.74, 78.74, 47.24, 0],
		[4, "ARROW_2", 930.28, -2427.85, "B", "DIP", "$1N2448", "", "C", 78.74, 78.74, 47.24, 0],
		[5, "ARROW_3", 930.28, -2250.69, "T", "DIP", "GND", "GND", "C", 78.74, 78.74, 47.24, 0],
		[6, "ARROW_3", 930.28, -2250.69, "B", "DIP", "GND", "GND", "C", 78.74, 78.74, 47.24, 0],
		[7, "ARROW_4", 674.38, -2250.69, "T", "DIP", "GND", "GND", "C", 78.74, 78.74, 47.24, 0],
		[8, "ARROW_4", 674.38, -2250.69, "B", "DIP", "GND", "GND", "C", 78.74, 78.74, 47.24, 0],
		[9, "C1_1", 852.23, -1010, "T", "DIP", "VCC", "", "C", 59.05, 59.05, 35.43, 180],
		[10, "C1_1", 852.23, -1010, "B", "DIP", "VCC", "", "C", 59.05, 59.05, 35.43, 180],
		[11, "C1_2", 752.23, -1010, "T", "DIP", "GND", "GND", "C", 59.05, 59.05, 35.43, 180],
		[12, "C1_2", 752.23, -1010, "B", "DIP", "GND", "GND", "C", 59.05, 59.05, 35.43, 180],
		[13, "C2_1", 852.23, -820, "T", "DIP", "VCC", "", "C", 59.05, 59.05, 35.43, 180],
		[14, "C2_1", 852.23, -820, "B", "DIP", "VCC", "", "C", 59.05, 59.05, 35.43, 180],
		[15, "C2_2", 752.23, -820, "T", "DIP", "GND", "GND", "C", 59.05, 59.05, 35.43, 180],
		[16, "C2_2", 752.23, -820, "B", "DIP", "GND", "GND", "C", 59.05, 59.05, 35.43, 180],
		[17, "C3_1", 2206.27, -2010, "T", "DIP", "GND", "GND", "C", 64.96, 64.96, 43.31, 90],
		[18, "C3_1", 2206.27, -2010, "B", "DIP", "GND", "GND", "C", 64.96, 64.96, 43.31, 90],
		[19, "C3_2", 2206.27, -1910, "T", "DIP", "$1N4299", "", "C", 64.96, 64.96, 43.31, 90],
		[20, "C3_2", 2206.27, -1910, "B", "DIP", "$1N4299", "", "C", 64.96, 64.96, 43.31, 90],
		[21, "C4_1", 2405, -2010, "T", "DIP", "GND", "GND", "C", 64.96, 64.96, 43.31, 90],
		[22, "C4_1", 2405, -2010, "B", "DIP", "GND", "GND", "C", 64.96, 64.96, 43.31, 90],
		[23, "C4_2", 2405, -1910, "T", "DIP", "$1N4251", "", "C", 64.96, 64.96, 43.31, 90],
		[24, "C4_2", 2405, -1910, "B", "DIP", "$1N4251", "", "C", 64.96, 64.96, 43.31, 90],
		[25, "EAST_1", 2977.05, -1668.58, "T", "DIP", "GND", "GND", "C", 78.74, 78.74, 47.24, 0],
		[26, "EAST_1", 2977.05, -1668.58, "B", "DIP", "GND", "GND", "C", 78.74, 78.74, 47.24, 0],
		[27, "EAST_2", 3232.95, -1668.58, "T", "DIP", "GND", "GND", "C", 78.74, 78.74, 47.24, 0],
		[28, "EAST_2", 3232.95, -1668.58, "B", "DIP", "GND", "GND", "C", 78.74, 78.74, 47.24, 0],
		[29, "EAST_3", 3232.95, -1491.42, "T", "DIP", "GND", "GND", "C", 78.74, 78.74, 47.24, 0],
		[30, "EAST_3", 3232.95, -1491.42, "B", "DIP", "GND", "GND", "C", 78.74, 78.74, 47.24, 0],
		[31, "EAST_4", 2977.05, -1491.42, "T", "DIP", "GND", "GND", "C", 78.74, 78.74, 47.24, 0],
		[32, "EAST_4", 2977.05, -1491.42, "B", "DIP", "GND", "GND", "C", 78.74, 78.74, 47.24, 0],
		[33, "H1_1", 3205, -1200, "T", "DIP", "$1N21", "", "R", 70.87, 70.87, 39.37, 270],
		[34, "H1_1", 3205, -1200, "B", "DIP", "$1N21", "", "R", 70.87, 70.87, 39.37, 270],
		[35, "H1_2", 3205, -1300, "T", "DIP", "VCC", "", "C", 70.87, 70.87, 39.37, 270],
		[36, "H1_2", 3205, -1300, "B", "DIP", "VCC", "", "C", 70.87, 70.87, 39.37, 270],
		[37, "LED1_1", 1129.2, -1700, "T", "DIP", "$1N11", "", "R", 47.24, 47.24, 27.56, 0],
		[38, "LED1_1", 1129.2, -1700, "B", "DIP", "$1N11", "", "R", 47.24, 47.24, 27.56, 0],
		[39, "LED1_2", 1226.05, -1700, "T", "DIP", "$1N12", "", "C", 47.24, 47.24, 27.56, 0],
		[40, "LED1_2", 1226.05, -1700, "B", "DIP", "$1N12", "", "C", 47.24, 47.24, 27.56, 0],
		[41, "LED1_3", 1322.9, -1700, "T", "DIP", "LED1_3", "", "C", 47.24, 47.24, 27.56, 0],
		[42, "LED1_3", 1322.9, -1700, "B", "DIP", "LED1_3", "", "C", 47.24, 47.24, 27.56, 0],
		[43, "LED1_4", 1419.75, -1700, "T", "DIP", "$1N13", "", "C", 47.24, 47.24, 27.56, 0],
		[44, "LED1_4", 1419.75, -1700, "B", "DIP", "$1N13", "", "C", 47.24, 47.24, 27.56, 0],
		[45, "LED1_5", 1516.6, -1700, "T", "DIP", "$1N14", "", "C", 47.24, 47.24, 27.56, 0],
		[46, "LED1_5", 1516.6, -1700, "B", "DIP", "$1N14", "", "C", 47.24, 47.24, 27.56, 0],
		[47, "LED1_6", 1516.6, -1100, "T", "DIP", "$1N18", "", "C", 47.24, 47.24, 27.56, 0],
		[48, "LED1_6", 1516.6, -1100, "B", "DIP", "$1N18", "", "C", 47.24, 47.24, 27.56, 0],
		[49, "LED1_7", 1419.75, -1100, "T", "DIP", "$1N17", "", "C", 47.24, 47.24, 27.56, 0],
		[50, "LED1_7", 1419.75, -1100, "B", "DIP", "$1N17", "", "C", 47.24, 47.24, 27.56, 0],
		[51, "LED1_8", 1322.9, -1100, "T", "DIP", "$1N7", "", "C", 47.24, 47.24, 27.56, 0],
		[52, "LED1_8", 1322.9, -1100, "B", "DIP", "$1N7", "", "C", 47.24, 47.24, 27.56, 0],
		[53, "LED1_9", 1226.05, -1100, "T", "DIP", "$1N16", "", "C", 47.24, 47.24, 27.56, 0],
		[54, "LED1_9", 1226.05, -1100, "B", "DIP", "$1N16", "", "C", 47.24, 47.24, 27.56, 0],
		[55, "LED1_10", 1129.2, -1100, "T", "DIP", "$1N15", "", "C", 47.24, 47.24, 27.56, 0],
		[56, "LED1_10", 1129.2, -1100, "B", "DIP", "$1N15", "", "C", 47.24, 47.24, 27.56, 0],
		[57, "LED2_1", 2033.7, -1100, "T", "DIP", "$1N18", "", "R", 47.24, 47.24, 27.56, 180],
		[58, "LED2_1", 2033.7, -1100, "B", "DIP", "$1N18", "", "R", 47.24, 47.24, 27.56, 180],
		[59, "LED2_2", 1936.85, -1100, "T", "DIP", "$1N17", "", "C", 47.24, 47.24, 27.56, 180],
		[60, "LED2_2", 1936.85, -1100, "B", "DIP", "$1N17", "", "C", 47.24, 47.24, 27.56, 180],
		[61, "LED2_3", 1840, -1100, "T", "DIP", "$1N36", "", "C", 47.24, 47.24, 27.56, 180],
		[62, "LED2_3", 1840, -1100, "B", "DIP", "$1N36", "", "C", 47.24, 47.24, 27.56, 180],
		[63, "LED2_4", 1743.15, -1100, "T", "DIP", "$1N16", "", "C", 47.24, 47.24, 27.56, 180],
		[64, "LED2_4", 1743.15, -1100, "B", "DIP", "$1N16", "", "C", 47.24, 47.24, 27.56, 180],
		[65, "LED2_5", 1646.3, -1100, "T", "DIP", "$1N14", "", "C", 47.24, 47.24, 27.56, 180],
		[66, "LED2_5", 1646.3, -1100, "B", "DIP", "$1N14", "", "C", 47.24, 47.24, 27.56, 180],
		[67, "LED2_6", 1646.3, -1700, "T", "DIP", "$1N11", "", "C", 47.24, 47.24, 27.56, 180],
		[68, "LED2_6", 1646.3, -1700, "B", "DIP", "$1N11", "", "C", 47.24, 47.24, 27.56, 180],
		[69, "LED2_7", 1743.15, -1700, "T", "DIP", "$1N12", "", "C", 47.24, 47.24, 27.56, 180],
		[70, "LED2_7", 1743.15, -1700, "B", "DIP", "$1N12", "", "C", 47.24, 47.24, 27.56, 180],
		[71, "LED2_8", 1840, -1700, "T", "DIP", "LED2_8", "", "C", 47.24, 47.24, 27.56, 180],
		[72, "LED2_8", 1840, -1700, "B", "DIP", "LED2_8", "", "C", 47.24, 47.24, 27.56, 180],
		[73, "LED2_9", 1936.85, -1700, "T", "DIP", "$1N13", "", "C", 47.24, 47.24, 27.56, 180],
		[74, "LED2_9", 1936.85, -1700, "B", "DIP", "$1N13", "", "C", 47.24, 47.24, 27.56, 180],
		[75, "LED2_10", 2033.7, -1700, "T", "DIP", "$1N15", "", "C", 47.24, 47.24, 27.56, 180],
		[76, "LED2_10", 2033.7, -1700, "B", "DIP", "$1N15", "", "C", 47.24, 47.24, 27.56, 180],
		[77, "NORTH_1", 2757.05, -1333.58, "T", "DIP", "$1N2481", "", "C", 78.74, 78.74, 47.24, 0],
		[78, "NORTH_1", 2757.05, -1333.58, "B", "DIP", "$1N2481", "", "C", 78.74, 78.74, 47.24, 0],
		[79, "NORTH_2", 3012.95, -1333.58, "T", "DIP", "$1N2481", "", "C", 78.74, 78.74, 47.24, 0],
		[80, "NORTH_2", 3012.95, -1333.58, "B", "DIP", "$1N2481", "", "C", 78.74, 78.74, 47.24, 0],
		[81, "NORTH_3", 3012.95, -1156.42, "T", "DIP", "GND", "GND", "C", 78.74, 78.74, 47.24, 0],
		[82, "NORTH_3", 3012.95, -1156.42, "B", "DIP", "GND", "GND", "C", 78.74, 78.74, 47.24, 0],
		[83, "NORTH_4", 2757.05, -1156.42, "T", "DIP", "GND", "GND", "C", 78.74, 78.74, 47.24, 0],
		[84, "NORTH_4", 2757.05, -1156.42, "B", "DIP", "GND", "GND", "C", 78.74, 78.74, 47.24, 0],
		[85, "R1_1", 1522.17, -2410, "T", "DIP", "$1N2536", "", "C", 74, 74, 35.4, 180],
		[86, "R1_1", 1522.17, -2410, "B", "DIP", "$1N2536", "", "C", 74, 74, 35.4, 180],
		[87, "R1_2", 1122.17, -2410, "T", "DIP", "$1N1603", "", "C", 74, 74, 35.4, 180],
		[88, "R1_2", 1122.17, -2410, "B", "DIP", "$1N1603", "", "C", 74, 74, 35.4, 180],
		[89, "R2_1", 2210, -1300, "T", "DIP", "$1N36", "", "C", 74, 74, 35.4, 270],
		[90, "R2_1", 2210, -1300, "B", "DIP", "$1N36", "", "C", 74, 74, 35.4, 270],
		[91, "R2_2", 2210, -1700, "T", "DIP", "$1N1612", "", "C", 74, 74, 35.4, 270],
		[92, "R2_2", 2210, -1700, "B", "DIP", "$1N1612", "", "C", 74, 74, 35.4, 270],
		[93, "R3_1", 2395, -1300, "T", "DIP", "$1N7", "", "C", 74, 74, 35.4, 270],
		[94, "R3_1", 2395, -1300, "B", "DIP", "$1N7", "", "C", 74, 74, 35.4, 270],
		[95, "R3_2", 2395, -1700, "T", "DIP", "$1N1618", "", "C", 74, 74, 35.4, 270],
		[96, "R3_2", 2395, -1700, "B", "DIP", "$1N1618", "", "C", 74, 74, 35.4, 270],
		[97, "R4_1", 2207.54, -1150, "T", "DIP", "$1N2505", "", "C", 74, 74, 35.4, 90],
		[98, "R4_1", 2207.54, -1150, "B", "DIP", "$1N2505", "", "C", 74, 74, 35.4, 90],
		[99, "R4_2", 2207.54, -750, "T", "DIP", "$1N1878", "", "C", 74, 74, 35.4, 90],
		[100, "R4_2", 2207.54, -750, "B", "DIP", "$1N1878", "", "C", 74, 74, 35.4, 90],
		[101, "R5_1", 2400, -1150, "T", "DIP", "$1N2510", "", "C", 74, 74, 35.4, 90],
		[102, "R5_1", 2400, -1150, "B", "DIP", "$1N2510", "", "C", 74, 74, 35.4, 90],
		[103, "R5_2", 2400, -750, "T", "DIP", "$1N2439", "", "C", 74, 74, 35.4, 90],
		[104, "R5_2", 2400, -750, "B", "DIP", "$1N2439", "", "C", 74, 74, 35.4, 90],
		[105, "SOUTH_1", 2757.05, -2028.58, "T", "DIP", "$1N1647", "", "C", 78.74, 78.74, 47.24, 0],
		[106, "SOUTH_1", 2757.05, -2028.58, "B", "DIP", "$1N1647", "", "C", 78.74, 78.74, 47.24, 0],
		[107, "SOUTH_2", 3012.95, -2028.58, "T", "DIP", "$1N1647", "", "C", 78.74, 78.74, 47.24, 0],
		[108, "SOUTH_2", 3012.95, -2028.58, "B", "DIP", "$1N1647", "", "C", 78.74, 78.74, 47.24, 0],
		[109, "SOUTH_3", 3012.95, -1851.42, "T", "DIP", "GND", "GND", "C", 78.74, 78.74, 47.24, 0],
		[110, "SOUTH_3", 3012.95, -1851.42, "B", "DIP", "GND", "GND", "C", 78.74, 78.74, 47.24, 0],
		[111, "SOUTH_4", 2757.05, -1851.42, "T", "DIP", "GND", "GND", "C", 78.74, 78.74, 47.24, 0],
		[112, "SOUTH_4", 2757.05, -1851.42, "B", "DIP", "GND", "GND", "C", 78.74, 78.74, 47.24, 0],
		[113, "STENCH_1", 1400, -835, "T", "DIP", "$1N2439", "", "C", 65, 65, 39.37, 0],
		[114, "STENCH_1", 1400, -835, "B", "DIP", "$1N2439", "", "C", 65, 65, 39.37, 0],
		[115, "STENCH_2", 1300, -835, "T", "DIP", "GND", "GND", "C", 65, 65, 39.37, 90],
		[116, "STENCH_2", 1300, -835, "B", "DIP", "GND", "GND", "C", 65, 65, 39.37, 90],
		[117, "SW1_1", 3028.42, -900, "T", "DIP", "SW1_1", "", "C", 60, 60, 36, 180],
		[118, "SW1_1", 3028.42, -900, "B", "DIP", "SW1_1", "", "C", 60, 60, 36, 180],
		[119, "SW1_2", 2930.01, -900, "T", "DIP", "$1N21", "", "C", 60, 60, 36, 180],
		[120, "SW1_2", 2930.01, -900, "B", "DIP", "$1N21", "", "C", 60, 60, 36, 180],
		[121, "SW1_3", 2831.58, -900, "T", "DIP", "GND", "GND", "C", 60, 60, 36, 180],
		[122, "SW1_3", 2831.58, -900, "B", "DIP", "GND", "GND", "C", 60, 60, 36, 180],
		[123, "U2_1", 660, -1255, "T", "DIP", "$1N11", "", "R", 62.99, 62.99, 39.37, 0],
		[124, "U2_1", 660, -1255, "B", "DIP", "$1N11", "", "R", 62.99, 62.99, 39.37, 0],
		[125, "U2_2", 660, -1355, "T", "DIP", "$1N12", "", "C", 62.99, 62.99, 39.37, 0],
		[126, "U2_2", 660, -1355, "B", "DIP", "$1N12", "", "C", 62.99, 62.99, 39.37, 0],
		[127, "U2_3", 660, -1455, "T", "DIP", "$1N13", "", "C", 62.99, 62.99, 39.37, 0],
		[128, "U2_3", 660, -1455, "B", "DIP", "$1N13", "", "C", 62.99, 62.99, 39.37, 0],
		[129, "U2_4", 660, -1555, "T", "DIP", "$1N14", "", "C", 62.99, 62.99, 39.37, 0],
		[130, "U2_4", 660, -1555, "B", "DIP", "$1N14", "", "C", 62.99, 62.99, 39.37, 0],
		[131, "U2_5", 660, -1655, "T", "DIP", "$1N16", "", "C", 62.99, 62.99, 39.37, 0],
		[132, "U2_5", 660, -1655, "B", "DIP", "$1N16", "", "C", 62.99, 62.99, 39.37, 0],
		[133, "U2_6", 660, -1755, "T", "DIP", "$1N17", "", "C", 62.99, 62.99, 39.37, 0],
		[134, "U2_6", 660, -1755, "B", "DIP", "$1N17", "", "C", 62.99, 62.99, 39.37, 0],
		[135, "U2_7", 660, -1855, "T", "DIP", "$1N18", "", "C", 62.99, 62.99, 39.37, 0],
		[136, "U2_7", 660, -1855, "B", "DIP", "$1N18", "", "C", 62.99, 62.99, 39.37, 0],
		[137, "U2_8", 660, -1955, "T", "DIP", "GND", "GND", "C", 62.99, 62.99, 39.37, 0],
		[138, "U2_8", 660, -1955, "B", "DIP", "GND", "GND", "C", 62.99, 62.99, 39.37, 0],
		[139, "U2_9", 960, -1955, "T", "DIP", "U2_9", "", "C", 62.99, 62.99, 39.37, 0],
		[140, "U2_9", 960, -1955, "B", "DIP", "U2_9", "", "C", 62.99, 62.99, 39.37, 0],
		[141, "U2_10", 960, -1855, "T", "DIP", "VCC", "", "C", 62.99, 62.99, 39.37, 0],
		[142, "U2_10", 960, -1855, "B", "DIP", "VCC", "", "C", 62.99, 62.99, 39.37, 0],
		[143, "U2_11", 960, -1755, "T", "DIP", "$1N23", "", "C", 62.99, 62.99, 39.37, 0],
		[144, "U2_11", 960, -1755, "B", "DIP", "$1N23", "", "C", 62.99, 62.99, 39.37, 0],
		[145, "U2_12", 960, -1655, "T", "DIP", "$1N24", "", "C", 62.99, 62.99, 39.37, 0],
		[146, "U2_12", 960, -1655, "B", "DIP", "$1N24", "", "C", 62.99, 62.99, 39.37, 0],
		[147, "U2_13", 960, -1555, "T", "DIP", "GND", "GND", "C", 62.99, 62.99, 39.37, 0],
		[148, "U2_13", 960, -1555, "B", "DIP", "GND", "GND", "C", 62.99, 62.99, 39.37, 0],
		[149, "U2_14", 960, -1455, "T", "DIP", "$1N2216", "", "C", 62.99, 62.99, 39.37, 0],
		[150, "U2_14", 960, -1455, "B", "DIP", "$1N2216", "", "C", 62.99, 62.99, 39.37, 0],
		[151, "U2_15", 960, -1355, "T", "DIP", "$1N15", "", "C", 62.99, 62.99, 39.37, 0],
		[152, "U2_15", 960, -1355, "B", "DIP", "$1N15", "", "C", 62.99, 62.99, 39.37, 0],
		[153, "U2_16", 960, -1255, "T", "DIP", "VCC", "", "C", 62.99, 62.99, 39.37, 0],
		[154, "U2_16", 960, -1255, "B", "DIP", "VCC", "", "C", 62.99, 62.99, 39.37, 0],
		[155, "U3_1", 1207.05, -2065, "T", "DIP", "$1N1603", "", "C", 55.51, 55.51, 35.43, 0],
		[156, "U3_1", 1207.05, -2065, "B", "DIP", "$1N1603", "", "C", 55.51, 55.51, 35.43, 0],
		[157, "U3_2", 1462.95, -2065, "T", "DIP", "GND", "GND", "C", 55.51, 55.51, 35.43, 0],
		[158, "U3_2", 1462.95, -2065, "B", "DIP", "GND", "GND", "C", 55.51, 55.51, 35.43, 0],
		[159, "U5_1", 3070, -2190, "T", "DIP", "U5_1", "", "R", 62.99, 62.99, 39.37, 270],
		[160, "U5_1", 3070, -2190, "B", "DIP", "U5_1", "", "R", 62.99, 62.99, 39.37, 270],
		[161, "U5_2", 2970, -2190, "T", "DIP", "U5_2", "", "C", 62.99, 62.99, 39.37, 270],
		[162, "U5_2", 2970, -2190, "B", "DIP", "U5_2", "", "C", 62.99, 62.99, 39.37, 270],
		[163, "U5_3", 2870, -2190, "T", "DIP", "U5_3", "", "C", 62.99, 62.99, 39.37, 270],
		[164, "U5_3", 2870, -2190, "B", "DIP", "U5_3", "", "C", 62.99, 62.99, 39.37, 270],
		[165, "U5_4", 2770, -2190, "T", "DIP", "U5_4", "", "C", 62.99, 62.99, 39.37, 270],
		[166, "U5_4", 2770, -2190, "B", "DIP", "U5_4", "", "C", 62.99, 62.99, 39.37, 270],
		[167, "U5_5", 2670, -2190, "T", "DIP", "$1N1618", "", "C", 62.99, 62.99, 39.37, 270],
		[168, "U5_5", 2670, -2190, "B", "DIP", "$1N1618", "", "C", 62.99, 62.99, 39.37, 270],
		[169, "U5_6", 2570, -2190, "T", "DIP", "$1N1612", "", "C", 62.99, 62.99, 39.37, 270],
		[170, "U5_6", 2570, -2190, "B", "DIP", "$1N1612", "", "C", 62.99, 62.99, 39.37, 270],
		[171, "U5_7", 2470, -2190, "T", "DIP", "VCC", "", "C", 62.99, 62.99, 39.37, 270],
		[172, "U5_7", 2470, -2190, "B", "DIP", "VCC", "", "C", 62.99, 62.99, 39.37, 270],
		[173, "U5_8", 2370, -2190, "T", "DIP", "GND", "GND", "C", 62.99, 62.99, 39.37, 270],
		[174, "U5_8", 2370, -2190, "B", "DIP", "GND", "GND", "C", 62.99, 62.99, 39.37, 270],
		[175, "U5_9", 2270, -2190, "T", "DIP", "$1N4299", "", "C", 62.99, 62.99, 39.37, 270],
		[176, "U5_9", 2270, -2190, "B", "DIP", "$1N4299", "", "C", 62.99, 62.99, 39.37, 270],
		[177, "U5_10", 2170, -2190, "T", "DIP", "$1N4251", "", "C", 62.99, 62.99, 39.37, 270],
		[178, "U5_10", 2170, -2190, "B", "DIP", "$1N4251", "", "C", 62.99, 62.99, 39.37, 270],
		[179, "U5_11", 2070, -2190, "T", "DIP", "$1N2216", "", "C", 62.99, 62.99, 39.37, 270],
		[180, "U5_11", 2070, -2190, "B", "DIP", "$1N2216", "", "C", 62.99, 62.99, 39.37, 270],
		[181, "U5_12", 1970, -2190, "T", "DIP", "$1N24", "", "C", 62.99, 62.99, 39.37, 270],
		[182, "U5_12", 1970, -2190, "B", "DIP", "$1N24", "", "C", 62.99, 62.99, 39.37, 270],
		[183, "U5_13", 1870, -2190, "T", "DIP", "$1N23", "", "C", 62.99, 62.99, 39.37, 270],
		[184, "U5_13", 1870, -2190, "B", "DIP", "$1N23", "", "C", 62.99, 62.99, 39.37, 270],
		[185, "U5_14", 1770, -2190, "T", "DIP", "U5_14", "", "C", 62.99, 62.99, 39.37, 270],
		[186, "U5_14", 1770, -2190, "B", "DIP", "U5_14", "", "C", 62.99, 62.99, 39.37, 270],
		[187, "U5_15", 1770, -2490, "T", "DIP", "$1N2536", "", "C", 62.99, 62.99, 39.37, 270],
		[188, "U5_15", 1770, -2490, "B", "DIP", "$1N2536", "", "C", 62.99, 62.99, 39.37, 270],
		[189, "U5_16", 1870, -2490, "T", "DIP", "GND", "GND", "C", 62.99, 62.99, 39.37, 270],
		[190, "U5_16", 1870, -2490, "B", "DIP", "GND", "GND", "C", 62.99, 62.99, 39.37, 270],
		[191, "U5_17", 1970, -2490, "T", "DIP", "GND", "GND", "C", 62.99, 62.99, 39.37, 270],
		[192, "U5_17", 1970, -2490, "B", "DIP", "GND", "GND", "C", 62.99, 62.99, 39.37, 270],
		[193, "U5_18", 2070, -2490, "T", "DIP", "$1N2510", "", "C", 62.99, 62.99, 39.37, 270],
		[194, "U5_18", 2070, -2490, "B", "DIP", "$1N2510", "", "C", 62.99, 62.99, 39.37, 270],
		[195, "U5_19", 2170, -2490, "T", "DIP", "$1N2505", "", "C", 62.99, 62.99, 39.37, 270],
		[196, "U5_19", 2170, -2490, "B", "DIP", "$1N2505", "", "C", 62.99, 62.99, 39.37, 270],
		[197, "U5_20", 2270, -2490, "T", "DIP", "U5_20", "", "C", 62.99, 62.99, 39.37, 270],
		[198, "U5_20", 2270, -2490, "B", "DIP", "U5_20", "", "C", 62.99, 62.99, 39.37, 270],
		[199, "U5_21", 2370, -2490, "T", "DIP", "U5_21", "", "C", 62.99, 62.99, 39.37, 270],
		[200, "U5_21", 2370, -2490, "B", "DIP", "U5_21", "", "C", 62.99, 62.99, 39.37, 270],
		[201, "U5_22", 2470, -2490, "T", "DIP", "U5_22", "", "C", 62.99, 62.99, 39.37, 270],
		[202, "U5_22", 2470, -2490, "B", "DIP", "U5_22", "", "C", 62.99, 62.99, 39.37, 270],
		[203, "U5_23", 2570, -2490, "T", "DIP", "U5_23", "", "C", 62.99, 62.99, 39.37, 270],
		[204, "U5_23", 2570, -2490, "B", "DIP", "U5_23", "", "C", 62.99, 62.99, 39.37, 270],
		[205, "U5_24", 2670, -2490, "T", "DIP", "$1N2448", "", "C", 62.99, 62.99, 39.37, 270],
		[206, "U5_24", 2670, -2490, "B", "DIP", "$1N2448", "", "C", 62.99, 62.99, 39.37, 270],
		[207, "U5_25", 2770, -2490, "T", "DIP", "U5_25", "", "C", 62.99, 62.99, 39.37, 270],
		[208, "U5_25", 2770, -2490, "B", "DIP", "U5_25", "", "C", 62.99, 62.99, 39.37, 270],
		[209, "U5_26", 2870, -2490, "T", "DIP", "U5_26", "", "C", 62.99, 62.99, 39.37, 270],
		[210, "U5_26", 2870, -2490, "B", "DIP", "U5_26", "", "C", 62.99, 62.99, 39.37, 270],
		[211, "U5_27", 2970, -2490, "T", "DIP", "$1N2481", "", "C", 62.99, 62.99, 39.37, 270],
		[212, "U5_27", 2970, -2490, "B", "DIP", "$1N2481", "", "C", 62.99, 62.99, 39.37, 270],
		[213, "U5_28", 3070, -2490, "T", "DIP", "$1N1647", "", "C", 62.99, 62.99, 39.37, 270],
		[214, "U5_28", 3070, -2490, "B", "DIP", "$1N1647", "", "C", 62.99, 62.99, 39.37, 270],
		[215, "WEST_1", 2542.05, -1673.58, "T", "DIP", "GND", "GND", "C", 78.74, 78.74, 47.24, 0],
		[216, "WEST_1", 2542.05, -1673.58, "B", "DIP", "GND", "GND", "C", 78.74, 78.74, 47.24, 0],
		[217, "WEST_2", 2797.95, -1673.58, "T", "DIP", "GND", "GND", "C", 78.74, 78.74, 47.24, 0],
		[218, "WEST_2", 2797.95, -1673.58, "B", "DIP", "GND", "GND", "C", 78.74, 78.74, 47.24, 0],
		[219, "WEST_3", 2797.95, -1496.42, "T", "DIP", "GND", "GND", "C", 78.74, 78.74, 47.24, 0],
		[220, "WEST_3", 2797.95, -1496.42, "B", "DIP", "GND", "GND", "C", 78.74, 78.74, 47.24, 0],
		[221, "WEST_4", 2542.05, -1496.42, "T", "DIP", "GND", "GND", "C", 78.74, 78.74, 47.24, 0],
		[222, "WEST_4", 2542.05, -1496.42, "B", "DIP", "GND", "GND", "C", 78.74, 78.74, 47.24, 0],
		[223, "WIND_1", 1880, -835, "T", "DIP", "$1N1878", "", "C", 65, 65, 39.37, 0],
		[224, "WIND_1", 1880, -835, "B", "DIP", "$1N1878", "", "C", 65, 65, 39.37, 0],
		[225, "WIND_2", 1780, -835, "T", "DIP", "GND", "GND", "C", 65, 65, 39.37, 90],
		[226, "WIND_2", 1780, -835, "B", "DIP", "GND", "GND", "C", 65, 65, 39.37, 90],
		[227, "X1_1", 1961.06, -1945, "T", "DIP", "$1N4251", "", "R", 59.05, 59.05, 35.43, 180],
		[228, "X1_1", 1961.06, -1945, "B", "DIP", "$1N4251", "", "R", 59.05, 59.05, 35.43, 180],
		[229, "X1_2", 1768.94, -1945, "T", "DIP", "$1N4299", "", "C", 59.05, 59.05, 35.43, 180],
		[230, "X1_2", 1768.94, -1945, "B", "DIP", "$1N4299", "", "C", 59.05, 59.05, 35.43, 180]
	]
}
}